BMI1,g0,6
WNT3A,g1,6
MYB,g2,6
CDC25A,g3,6
CCND2,g4,6
BCL2,g5,6
CCND1,g6,6
CCNE1,g7,6
DMTF1,g8,6
BRCA1,g9,6
AKT3,g10,6
CADM1,g11,6
UCP2,g12,6
VEGFA,g13,6
TSPYL2,g14,6
CHUK,g15,6
TP53,g16,6
FGF7,g17,6
CLCN3,g18,6
CRKL,g19,6
MN1,g20,6
HMGA1,g21,6
HMGA2,g22,6
IFNG,g23,6
PURA,g24,6
RECK,g25,6
FOXO1,g26,6
REPIN1,g27,6
KLF4,g28,6
YAP1,g29,6
CARM1,g30,6
SOX5,g31,6
HSPA1B,g32,6
WEE1,g33,6
CHEK1,g34,6
PHLPP1,g35,6
RET,g36,6
CXCL10,g37,6
CDKN2B,g38,6
BDNF,g39,6
IL10RA,g40,6
TNFAIP1,g41,6
ACVR2A,g42,6
CDK6,g43,6
CCND3,g44,6
PTGS2,g45,6
FGF2,g46,6
ARL2,g47,6
ARHGDIA,g48,6
TPPP3,g49,6
CAPRIN1,g50,6
PPM1D,g51,6
ZYX,g52,6
NCOR2,g53,6
AXIN2,g54,6
KDR,g55,6
FGFR1,g56,6
PIM1,g57,6
UNG,g58,6
RPS6KB1,g59,6
MTOR,g60,6
PRDM4,g61,6
MAP7,g62,6
APP,g63,6
CDS2,g64,6
SOX6,g65,6
IGF1R,g66,6
RAF1,g67,6
KRAS,g68,6
SLC6A4,g69,6
BIRC5,g70,6
RICTOR,g71,6
HDGF,g72,6
WNT4,g73,6
BACE1,g74,6
NCSTN,g75,6
OPRM1,g76,6
IL12B,g77,6
ADORA2A,g78,6
SOCS3,g79,6
HGF,g80,6
METTL13,g81,6
UCA1,g82,6
GLS2,g83,6
CLDN2,g84,6
COX2,g85,6
ERBB3,g86,6
BNIP3,g87,6
KLF5,g88,6
SOX2,g89,6
MUC1,g90,6
MYO6,g91,6
CDKN1A,g92,6
STAT1,g93,6
YES1,g94,6
CBFB,g95,6
PPP3CA,g96,6
CLINT1,g97,6
IRS1,g98,6
PARP8,g99,6
EGFR,g100,6
FSCN1,g101,6
MYC,g102,6
FLI1,g103,6
DFFA,g104,6
IFNB1,g105,6
TIRAP,g106,6
POU5F1,g107,6
ROBO2,g108,6
SRGAP1,g109,6
EIF4E,g110,6
CDK4,g111,6
SERPINE1,g112,6
IRS2,g113,6
ITGB8,g114,6
SWAP70,g115,6
ESR1,g116,6
NUDT1,g117,6
NEDD9,g118,6
PAK4,g119,6
DDX17,g120,6
ERG,g121,6
NRAS,g122,6
ILK,g123,6
CTGF,g124,6
SOCS7,g125,6
MDM2,g126,6
ADAM17,g127,6
CDH2,g128,6
HDAC2,g129,6
RTKN,g130,6
F11R,g131,6
ARL6IP5,g132,6
AKR1B10,g133,6
C11orf65,g134,6
HLTF,g135,6
GMFB,g136,6
SERINC5,g137,6
MEST,g138,6
ALPPL2,g139,6
NDRG2,g140,6
DTD1,g141,6
TPM3,g142,6
MAP2K6,g143,6
CEP19,g144,6
TPRG1,g145,6
GOLM1,g146,6
CCDC43,g147,6
MMP1,g148,6
PTP4A2,g149,6
TMEM9B,g150,6
MMP12,g151,6
MTMR14,g152,6
ALDH3A1,g153,6
NDUFA4,g154,6
FAM3C,g155,6
LYPLA2,g156,6
FAM45A,g157,6
PIGF,g158,6
AP1G1,g159,6
JADE1,g160,6
NIPSNAP1,g161,6
KREMEN1,g162,6
MMP14,g163,6
ABRACL,g164,6
MIXL1,g165,6
TSPAN6,g166,6
PODXL,g167,6
APH1A,g168,6
ABHD17C,g169,6
NANOG,g170,6
MYO5A,g171,6
EPAS1,g172,6
ETS1,g173,6
RREB1,g174,6
COL5A1,g175,6
CD44,g176,6
BRAF,g177,6
SOX9,g178,6
SMAD3,g179,6
TGFBR2,g180,6
CTNND1,g181,6
SP1,g182,6
TNFSF13,g183,6
DDX6,g184,6
ARF6,g185,6
ADD3,g186,6
DDC,g187,6
ANGPT2,g188,6
ROCK1,g189,6
E2F3,g190,6
CD28,g191,6
NFATC1,g192,6
SP7,g193,6
HDAC11,g194,6
CFTR,g195,6
ABCC1,g196,6
SPTBN1,g197,6
SENP1,g198,6
NAIP,g199,6
SET,g200,6
RPA1,g201,6
MCM2,g202,6
SPTLC1,g203,6
MYOCD,g204,6
MTDH,g205,6
TUG1,g206,6
CAMK1D,g207,6
FXN,g208,6
CRNDE,g209,6
PXN,g210,6
MSH3,g211,6
CD40,g212,6
TGFB2,g213,6
SMAD2,g214,6
VPS51,g215,6
RAB12,g216,6
FBXO8,g217,6
EGF,g218,6
FBXW7,g219,6
HDAC9,g220,6
PTEN,g221,6
TAB1,g222,6
COL3A1,g223,6
SPARC,g224,6
DKK1,g225,6
GSK3B,g226,6
ST2,g227,6
DNMT3A,g228,6
DNMT3B,g229,6
CPEB4,g230,6
HOXD10,g231,6
PPARA,g232,6
NF1,g233,6
PIEZO1,g234,6
BCL2L11,g235,6
TFAP2C,g236,6
CDKN2A,g237,6
TRA2B,g238,6
SRSF1,g239,6
NOTCH1,g240,6
PAX6,g241,6
MAPRE1,g242,6
SDC1,g243,6
TPM1,g244,6
PDCD4,g245,6
TIAM1,g246,6
HTATIP2,g247,6
DDX58,g248,6
HOXB3,g249,6
GP1BA,g250,6
MBNL1,g251,6
SART3,g252,6
MBNL2,g253,6
RSRC1,g254,6
MBNL3,g255,6
KL,g256,6
CSMD1,g257,6
ZEB1,g258,6
PIK3CA,g259,6
CREB1,g260,6
AKT1,g261,6
S1PR1,g262,6
TACSTD2,g263,6
SGPL1,g264,6
BIK,g265,6
MTFP1,g266,6
BGLAP,g267,6
FRZB,g268,6
MAP2K7,g269,6
ITGA9,g270,6
HOXA1,g271,6
USF2,g272,6
MAP3K7,g273,6
BTRC,g274,6
EPHA4,g275,6
CHL1,g276,6
ACTG1,g277,6
PIK3CG,g278,6
NOD2,g279,6
MAPK8IP1,g280,6
BCL6,g281,6
SLC45A3,g282,6
SPRED1,g283,6
PTPN7,g284,6
ADAM9,g285,6
MMP7,g286,6
CXCL12,g287,6
HOTAIR,g288,6
CRK,g289,6
CYLD,g290,6
ZNFX1,g291,6
CCL1,g292,6
GPR137B,g293,6
NABP1,g294,6
NPAT,g295,6
JAK1,g296,6
PTPRO,g297,6
PKD2,g298,6
E2F1,g299,6
MAP3K12,g300,6
MEF2D,g301,6
RUNX1,g302,6
MAPK9,g303,6
DNAJC27,g304,6
FBXO31,g305,6
HIF1A,g306,6
TNFSF12,g307,6
BMPR2,g308,6
NCOA3,g309,6
SMAD4,g310,6
RB1,g311,6
RBL1,g312,6
RBL2,g313,6
RND3,g314,6
SMURF1,g315,6
TCF3,g316,6
TCEAL1,g317,6
HSPB2,g318,6
MMP2,g319,6
HBP1,g320,6
SIRPA,g321,6
UBE2C,g322,6
TRIM8,g323,6
DAPK3,g324,6
TP53INP1,g325,6
BMP2,g326,6
SOCS6,g327,6
KAT2B,g328,6
TIMP3,g329,6
ZBTB4,g330,6
PDLIM7,g331,6
STAT3,g332,6
NPAS3,g333,6
ZFYVE9,g334,6
LDLR,g335,6
CLU,g336,6
ADAR,g337,6
ETV1,g338,6
TBC1D2,g339,6
DNMT1,g340,6
PKNOX1,g341,6
TLR7,g342,6
CLOCK,g343,6
ABCA1,g344,6
VLDLR,g345,6
MFN2,g346,6
EGR2,g347,6
IGFBP3,g348,6
TNF,g349,6
RAD21,g350,6
PPP2R2A,g351,6
TP53COR1,g352,6
BRCA2,g353,6
CYP7B1,g354,6
CDC34,g355,6
RDH10,g356,6
IGF2BP1,g357,6
ANAPC1,g358,6
MTPN,g359,6
LIN28B,g360,6
CCNA2,g361,6
LIN28A,g362,6
NR2E1,g363,6
IGF2BP2,g364,6
PRDM1,g365,6
HRAS,g366,6
CYP2J2,g367,6
AGO1,g368,6
CPEB1,g369,6
CPEB3,g370,6
TGFBR1,g371,6
CTHRC1,g372,6
AKT2,g373,6
TLR4,g374,6
TNFRSF10B,g375,6
LGR4,g376,6
EZH2,g377,6
E2F2,g378,6
TRIM71,g379,6
BCL2L1,g380,6
COPS8,g381,6
GPS1,g382,6
COPS6,g383,6
ITGB3,g384,6
MAP4K3,g385,6
IL10,g386,6
CEBPB,g387,6
IL6,g388,6
PBX2,g389,6
TRIB2,g390,6
NUMB,g391,6
HSPA4,g392,6
CASP3,g393,6
DICER1,g394,6
SLC11A2,g395,6
IL13,g396,6
CRYGEP,g397,6
SMC1A,g398,6
WNT1,g399,6
MYCN,g400,6
MMP9,g401,6
IGF1,g402,6
AURKB,g403,6
ARID3A,g404,6
FASLG,g405,6
PLK1,g406,6
TNFAIP3,g407,6
COL1A2,g408,6
GAB2,g409,6
FN1,g410,6
THBS1,g411,6
SOCS1,g412,6
BMP4,g413,6
NEUROG1,g414,6
ASCL1,g415,6
IL2,g416,6
MGMT,g417,6
RAP1B,g418,6
MEG3,g419,6
MALT1,g420,6
MEIS1,g421,6
TAB2,g422,6
MECP2,g423,6
MSH6,g424,6
MSH2,g425,6
MLH1,g426,6
INPP5D,g427,6
DET1,g428,6
SMAD5,g429,6
HIVEP2,g430,6
ZNF652,g431,6
ZIC3,g432,6
BACH1,g433,6
JARID2,g434,6
APC,g435,6
TRIP13,g436,6
TRIM32,g437,6
SMAD1,g438,6
SDCBP,g439,6
PKN2,g440,6
PICALM,g441,6
PHC2,g442,6
PDLIM5,g443,6
NARS,g444,6
MYO10,g445,6
DHX40,g446,6
CLDN1,g447,6
BRPF3,g448,6
ARID2,g449,6
TM6SF1,g450,6
MATR3,g451,6
LDOC1,g452,6
RHOA,g453,6
AGTR1,g454,6
IKBKE,g455,6
SPI1,g456,6
EDN1,g457,6
FOXO3,g458,6
MAFB,g459,6
TSHZ3,g460,6
RUNX2,g461,6
IFNGR1,g462,6
KBTBD2,g463,6
TLE4,g464,6
CYR61,g465,6
SKI,g466,6
RNF123,g467,6
CSF1R,g468,6
CKAP5,g469,6
JUN,g470,6
PKIA,g471,6
CSNK1A1,g472,6
GCSAM,g473,6
KDM3A,g474,6
UQCRFS1,g475,6
IL13RA1,g476,6
FADD,g477,6
MITF,g478,6
MAP3K10,g479,6
NOS3,g480,6
ANAPC16,g481,6
MYLK,g482,6
MYD88,g483,6
PSIP1,g484,6
EXOSC2,g485,6
LNX2,g486,6
MEF2A,g487,6
CLUAP1,g488,6
CARD11,g489,6
PCDH9,g490,6
CARHSP1,g491,6
C16orf62,g492,6
GPM6B,g493,6
LRIF1,g494,6
TAF5L,g495,6
MORC3,g496,6
NKX3-1,g497,6
TSPAN14,g498,6
INTS6,g499,6
PRKAR1A,g500,6
FAM199X,g501,6
SAP30L,g502,6
MRPS27,g503,6
OLR1,g504,6
CD68,g505,6
CEP41,g506,6
CIAPIN1,g507,6
TRAK1,g508,6
CYP2U1,g509,6
IL17RB,g510,6
TBC1D14,g511,6
ZNF254,g512,6
RAPGEF2,g513,6
WBP1L,g514,6
MRPL18,g515,6
MAP3K14,g516,6
ARMC2,g517,6
LCORL,g518,6
APAF1,g519,6
MPP5,g520,6
RAB11FIP2,g521,6
ARL15,g522,6
LRRC59,g523,6
ANXA2,g524,6
FAM91A1,g525,6
CEP83,g526,6
MARF1,g527,6
DCUN1D2,g528,6
KLHL5,g529,6
AGO4,g530,6
WWC1,g531,6
PALD1,g532,6
CXCL8,g533,6
PHF14,g534,6
INPP5F,g535,6
FAM177A1,g536,6
SECISBP2,g537,6
PAK2,g538,6
ZNF28,g539,6
MCM8,g540,6
SMARCA4,g541,6
UBQLN1,g542,6
NFKB1,g543,6
ZNF611,g544,6
VPS18,g545,6
NSD3,g546,6
MASTL,g547,6
MYBL1,g548,6
GATM,g549,6
FAM135A,g550,6
C3orf18,g551,6
SHANK2,g552,6
SH3PXD2A,g553,6
PIK3R1,g554,6
VHL,g555,6
MMP16,g556,6
FOS,g557,6
MAPK14,g558,6
SEL1L,g559,6
DOCK1,g560,6
RAD51,g561,6
THRB,g562,6
TERF1,g563,6
MXI1,g564,6
MAPK13,g565,6
RPTOR,g566,6
TFAM,g567,6
TBRG1,g568,6
HOMEZ,g569,6
NR1H3,g570,6
SAMHD1,g571,6
EIF4A1,g572,6
FUT2,g573,6
HNF1A,g574,6
AGO2,g575,6
TRIM29,g576,6
INSR,g577,6
TGFB1,g578,6
TBR1,g579,6
BAX,g580,6
RAB1A,g581,6
TRIM14,g582,6
MTSS1,g583,6
PEBP4,g584,6
OIP5,g585,6
TWIST1,g586,6
VSIR,g587,6
IL17A,g588,6
RARB,g589,6
NTRK3,g590,6
CD34,g591,6
ERBB2,g592,6
KLF13,g593,6
BAK1,g594,6
ARID3B,g595,6
ELAVL1,g596,6
MMP11,g597,6
HK2,g598,6
EIF4EBP1,g599,6
LIFR,g600,6
BCL2L12,g601,6
LFNG,g602,6
ESRRA,g603,6
TRAF6,g604,6
SIRT7,g605,6
CLEC5A,g606,6
GALNT14,g607,6
MCL1,g608,6
NAIF1,g609,6
CASP2,g610,6
DLL4,g611,6
ABL2,g612,6
TAZ,g613,6
HAX1,g614,6
ZBTB7A,g615,6
HDAC4,g616,6
HDAC5,g617,6
JAK2,g618,6
RAVER2,g619,6
BLVRB,g620,6
SPP1,g621,6
TGIF1,g622,6
ROCK2,g623,6
MET,g624,6
CCNE2,g625,6
CDKN1B,g626,6
CENPF,g627,6
TGIF2,g628,6
GAS1,g629,6
HLA-G,g630,6
CD274,g631,6
CD151,g632,6
P2RX7,g633,6
MUC4,g634,6
CXCR4,g635,6
NOTCH3,g636,6
FLT3,g637,6
EP300,g638,6
SRCIN1,g639,6
CBL,g640,6
COL4A4,g641,6
CISH,g642,6
CCR6,g643,6
SSSCA1,g644,6
STAT5B,g645,6
POLD3,g646,6
PRKCA,g647,6
ARRB2,g648,6
ZNF350,g649,6
SLC2A1,g650,6
MBD2,g651,6
IL6R,g652,6
CDKN1C,g653,6
SNAI1,g654,6
ADCY6,g655,6
HTR1B,g656,6
PRMT5,g657,6
REV1,g658,6
SCARB1,g659,6
ALK,g660,6
SNAI2,g661,6
SLC1A1,g662,6
SLC6A6,g663,6
IARS,g664,6
TRIB3,g665,6
SYCP1,g666,6
PTPN9,g667,6
TIMP1,g668,6
GDNF,g669,6
NKIRAS2,g670,6
NF2,g671,6
UHRF2,g672,6
IGF2,g673,6
EWSR1,g674,6
CCR7,g675,6
HAS2,g676,6
RRM2,g677,6
UHRF1,g678,6
PAK1,g679,6
RAB40C,g680,6
ARG2,g681,6
TGFBR3,g682,6
PARP1,g683,6
PKM,g684,6
MAP4K4,g685,6
CAT,g686,6
ATG12,g687,6
BECN1,g688,6
SIX1,g689,6
BCL9,g690,6
PDGFRB,g691,6
EIF2S1,g692,6
EIF5A2,g693,6
RASAL2,g694,6
UBE2I,g695,6
VIM,g696,6
TWF1,g697,6
MTA1,g698,6
IL11,g699,6
DDIT4,g700,6
IDH1,g701,6
RFX6,g702,6
MTTP,g703,6
CAMK2D,g704,6
IER2,g705,6
CDC42,g706,6
FASN,g707,6
RARG,g708,6
TSC22D3,g709,6
FGF9,g710,6
NTM,g711,6
PFN1,g712,6
FOXF2,g713,6
FLOT1,g714,6
ZFAND4,g715,6
SATB2,g716,6
ARRDC3,g717,6
ATF1,g718,6
BARD1,g719,6
CREB5,g720,6
RAD17,g721,6
TP53BP1,g722,6
CHEK2,g723,6
SMARCD3,g724,6
TCEAL7,g725,6
LRRC4,g726,6
NDRG1,g727,6
ULBP2,g728,6
PDK4,g729,6
PLD1,g730,6
PCDH8,g731,6
NRN1,g732,6
ITGB1,g733,6
KIF2A,g734,6
EZR,g735,6
AKAP12,g736,6
EGR1,g737,6
IDH2,g738,6
LRP6,g739,6
DKK3,g740,6
NFIL3,g741,6
AANAT,g742,6
ZFPM1,g743,6
PPP2CB,g744,6
PTPA,g745,6
PCLAF,g746,6
UVRAG,g747,6
SPAG9,g748,6
ICAM1,g749,6
WNK1,g750,6
KEAP1,g751,6
CDH1,g752,6
CYP1B1,g753,6
TNFSF11,g754,6
NR3C1,g755,6
HSF2,g756,6
ATM,g757,6
CDK19,g758,6
PIAS3,g759,6
TBPL1,g760,6
SDC4,g761,6
STK4,g762,6
BCL2L10,g763,6
FCGR2B,g764,6
NEO1,g765,6
IRF2,g766,6
NR1I2,g767,6
BTG1,g768,6
TIA1,g769,6
FGFR2,g770,6
BNIP2,g771,6
KIT,g772,6
EGLN3,g773,6
PPARG,g774,6
BAMBI,g775,6
CRIM1,g776,6
MAP2K3,g777,6
ARHGAP12,g778,6
TSG101,g779,6
LIMK1,g780,6
PHLPP2,g781,6
GJA1,g782,6
DUSP2,g783,6
SMAD7,g784,6
MAP3K5,g785,6
ATG16L1,g786,6
ANKH,g787,6
REST,g788,6
PRKG1,g789,6
RGS5,g790,6
PKD1,g791,6
RUNX3,g792,6
RB1CC1,g793,6
NFKBIB,g794,6
KIF26B,g795,6
TIMP2,g796,6
Vegfa,g797,6
KLF2,g798,6
PROM1,g799,6
GRM7,g800,6
JAG1,g801,6
DLL1,g802,6
VAMP2,g803,6
SIRT1,g804,6
HNF4A,g805,6
YY1,g806,6
MAGEA12,g807,6
MAGEA6,g808,6
MAGEA3,g809,6
MAGEA2,g810,6
MDM4,g811,6
MAP2K1,g812,6
NOTCH2,g813,6
FOXP1,g814,6
ZAP70,g815,6
PDGFRA,g816,6
IMPA1,g817,6
IMPDH2,g818,6
SYT1,g819,6
STX1A,g820,6
FOSL1,g821,6
EPHA5,g822,6
AXL,g823,6
CCL22,g824,6
KLB,g825,6
PPP1R10,g826,6
BMP7,g827,6
ACSL4,g828,6
MTA2,g829,6
LEF1,g830,6
ACSL1,g831,6
IGF2BP3,g832,6
LDHA,g833,6
HDAC1,g834,6
CDKN2C,g835,6
CD24,g836,6
AR,g837,6
NAMPT,g838,6
SRC,g839,6
PCBP2,g840,6
KDM4A,g841,6
KCNH1,g842,6
INHBB,g843,6
L1CAM,g844,6
ARHGDIB,g845,6
CYBB,g846,6
DGUOK,g847,6
GALNT7,g848,6
FUT8,g849,6
TCF7,g850,6
GFRA3,g851,6
KLF12,g852,6
ANK3,g853,6
CACNB3,g854,6
ATP5S,g855,6
ATG4A,g856,6
ATG4B,g857,6
ATG4C,g858,6
ATG4D,g859,6
ATG5,g860,6
ATG7,g861,6
STMN1,g862,6
TREM2,g863,6
KCNH2,g864,6
FLOT2,g865,6
HNF4G,g866,6
RBP2,g867,6
NLRC5,g868,6
Crtc1,g869,6
PAM,g870,6
SIRT6,g871,6
FKBP1B,g872,6
PRKD1,g873,6
AIP,g874,6
NR4A2,g875,6
GDF5,g876,6
PPP1CC,g877,6
RCAN1,g878,6
HMGB1,g879,6
HOXB7,g880,6
EFEMP1,g881,6
NRP1,g882,6
SPRY1,g883,6
LPAR1,g884,6
SMR3B,g885,6
CFB,g886,6
WNK4,g887,6
HGS,g888,6
SCRIB,g889,6
BBC3,g890,6
CDX1,g891,6
PIN1,g892,6
S100B,g893,6
CASP8,g894,6
NGFR,g895,6
GNAI2,g896,6
GPR78,g897,6
KPNB1,g898,6
ATG2B,g899,6
BNIP3L,g900,6
PIK3R2,g901,6
LIMS1,g902,6
PPP1R14C,g903,6
SMO,g904,6
GLI1,g905,6
MTFR1,g906,6
EFEMP2,g907,6
LIF,g908,6
BTK,g909,6
TAP1,g910,6
ZFP36,g911,6
TERT,g912,6
BRMS1,g913,6
TFF1,g914,6
FAM3A,g915,6
FIS1,g916,6
ARHGAP5,g917,6
OLFM4,g918,6
DOCK3,g919,6
FBN1,g920,6
CIT,g921,6
NRP2,g922,6
CLDN10,g923,6
TAX1BP1,g924,6
OTUD7B,g925,6
FOXN1,g926,6
LGALS3BP,g927,6
RAB24,g928,6
TRIM33,g929,6
DOHH,g930,6
EPSTI1,g931,6
JUNB,g932,6
JUND,g933,6
HSPG2,g934,6
CDK1,g935,6
PIK3CD,g936,6
EEF1A2,g937,6
MYL9,g938,6
PLOD3,g939,6
FGFR3,g940,6
CAPNS1,g941,6
MTMR3,g942,6
SMARCA5,g943,6
FKBP5,g944,6
CTDSPL,g945,6
NOX4,g946,6
HES1,g947,6
LAMC2,g948,6
DDR1,g949,6
SETD2,g950,6
GRB10,g951,6
TAF9B,g952,6
NLK,g953,6
CCNL1,g954,6
ITGA3,g955,6
SUFU,g956,6
TUSC2,g957,6
NODAL,g958,6
BSG,g959,6
YWHAZ,g960,6
MIF,g961,6
CAB39,g962,6
ABCB1,g963,6
RAB14,g964,6
TMED7,g965,6
CPNE3,g966,6
RAB5A,g967,6
DCBLD2,g968,6
IKBKB,g969,6
ADAM10,g970,6
TSC1,g971,6
MAPK1,g972,6
OXTR,g973,6
CDKN2D,g974,6
MAP3K1,g975,6
GATA6,g976,6
CDX2,g977,6
NOTCH4,g978,6
TRIM2,g979,6
BTBD3,g980,6
DPYSL2,g981,6
PRKCD,g982,6
PRAP1,g983,6
MST1,g984,6
LATS2,g985,6
SGMS1,g986,6
SAV1,g987,6
ST8SIA4,g988,6
TGFBRAP1,g989,6
IL7,g990,6
CFH,g991,6
IRAK2,g992,6
TLR2,g993,6
IRAK1,g994,6
FAF1,g995,6
PA2G4,g996,6
CD40LG,g997,6
FAS,g998,6
ERBB4,g999,6
WASF2,g1000,6
CD80,g1001,6
SLPI,g1002,6
SMN1,g1003,6
CARD10,g1004,6
CCL5,g1005,6
PTGES2,g1006,6
CNOT6L,g1007,6
SIKE1,g1008,6
PRKCE,g1009,6
RAC1,g1010,6
DUSP1,g1011,6
RNF11,g1012,6
SOS1,g1013,6
CASP7,g1014,6
BCLAF1,g1015,6
CPM,g1016,6
IS2,g1017,6
FANCM,g1018,6
LRP2,g1019,6
NFAT5,g1020,6
RHO,g1021,6
NOS1,g1022,6
PLAUR,g1023,6
SOX17,g1024,6
CTNNB1,g1025,6
ZEB2,g1026,6
RERE,g1027,6
WASF3,g1028,6
ZFPM2,g1029,6
XIAP,g1030,6
OSTF1,g1031,6
KLHL20,g1032,6
PTPRD,g1033,6
ELMO2,g1034,6
ERBIN,g1035,6
BAP1,g1036,6
WDR37,g1037,6
VAC14,g1038,6
TCF7L1,g1039,6
HOXB5,g1040,6
RASSF2,g1041,6
RIN2,g1042,6
KLF11,g1043,6
2024-9-7 0:00,g1044,6
SHC1,g1045,6
RBBP4,g1046,6
RASSF8,g1047,6
ONECUT2,g1048,6
IL4,g1049,6
DLC1,g1050,6
MALAT1,g1051,6
ITCH,g1052,6
EOMES,g1053,6
E2F5,g1054,6
FAM129A,g1055,6
RHOC,g1056,6
PRRX1,g1057,6
FYN,g1058,6
DAB2,g1059,6
SLC2A4,g1060,6
PTENP1,g1061,6
TNFRSF10A,g1062,6
PLAG1,g1063,6
ARNT,g1064,6
GRN,g1065,6
NFIA,g1066,6
DAPK1,g1067,6
CYP2C8,g1068,6
CHRM1,g1069,6
CDK8,g1070,6
CAV1,g1071,6
SNCG,g1072,6
SALL4,g1073,6
SH3GL2,g1074,6
SERPINB5,g1075,6
CHGA,g1076,6
SIAH1,g1077,6
HIPK3,g1078,6
MYLIP,g1079,6
ARID4B,g1080,6
EFNB2,g1081,6
EPHB4,g1082,6
FZD6,g1083,6
RASSF5,g1084,6
CDK3,g1085,6
CEMIP,g1086,6
ITGA5,g1087,6
TYR,g1088,6
PDIA3,g1089,6
PDE4B,g1090,6
TCF4,g1091,6
FOXM1,g1092,6
TNIP1,g1093,6
PTK2B,g1094,6
MFF,g1095,6
NOB1,g1096,6
COL4A1,g1097,6
COL4A2,g1098,6
COL5A2,g1099,6
COL10A1,g1100,6
SERPINH1,g1101,6
LOX,g1102,6
TMC7,g1103,6
IL1A,g1104,6
SOX4,g1105,6
NDST1,g1106,6
SATB1,g1107,6
CTDSP2,g1108,6
LRRC8A,g1109,6
SLC16A2,g1110,6
YBX3,g1111,6
BASP1,g1112,6
CDK9,g1113,6
RPS6KA3,g1114,6
IGFBP5,g1115,6
RASGRP1,g1116,6
TM9SF3,g1117,6
RTN4,g1118,6
RPS7,g1119,6
NCAPG,g1120,6
DERL1,g1121,6
SPRY2,g1122,6
MTAP,g1123,6
FMOD,g1124,6
TGFBI,g1125,6
LRRFIP1,g1126,6
MARCKS,g1127,6
NFIB,g1128,6
BTG2,g1129,6
RHOB,g1130,6
RASA1,g1131,6
PCBP1,g1132,6
JMY,g1133,6
TOPORS,g1134,6
HNRNPK,g1135,6
DAXX,g1136,6
TP53BP2,g1137,6
TP63,g1138,6
PPIF,g1139,6
ISCU,g1140,6
MEF2C,g1141,6
EIF4A2,g1142,6
ANKRD46,g1143,6
IL1B,g1144,6
PLAT,g1145,6
CDK2AP1,g1146,6
CCL20,g1147,6
DOCK4,g1148,6
DOCK5,g1149,6
DOCK7,g1150,6
DUSP10,g1151,6
ANP32A,g1152,6
NTF3,g1153,6
SOD3,g1154,6
TCF21,g1155,6
SERPINI1,g1156,6
DDAH1,g1157,6
PTPN14,g1158,6
FBXO11,g1159,6
YOD1,g1160,6
WWP1,g1161,6
HPGD,g1162,6
IL12A,g1163,6
SIRT2,g1164,6
GAS5,g1165,6
CBX4,g1166,6
CASC2,g1167,6
DNM1L,g1168,6
ICOSLG,g1169,6
TICAM2,g1170,6
UBE2N,g1171,6
BCL10,g1172,6
TLR3,g1173,6
NAV3,g1174,6
STUB1,g1175,6
EGLN1,g1176,6
PSMD9,g1177,6
PCGF2,g1178,6
MSLN,g1179,6
Smad7,g1180,6
TRAF7,g1181,6
SLITRK1,g1182,6
ANGPTL2,g1183,6
HIF1AN,g1184,6
GREM1,g1185,6
SNAP25,g1186,6
TXN2,g1187,6
SFRP1,g1188,6
PEBP1,g1189,6
JAK3,g1190,6
TAM,g1191,6
COL1A1,g1192,6
CCNF,g1193,6
CDC14A,g1194,6
KIF23,g1195,6
ATF6,g1196,6
ANLN,g1197,6
CUL2,g1198,6
PTCH1,g1199,6
SOCS2,g1200,6
KDM5B,g1201,6
TNFRSF11A,g1202,6
FGF8,g1203,6
FANCA,g1204,6
ARHGEF19,g1205,6
MPL,g1206,6
N4BP1,g1207,6
OTUB1,g1208,6
TEX261,g1209,6
E2F6,g1210,6
MAD2L1,g1211,6
BAG1,g1212,6
IL34,g1213,6
MXD1,g1214,6
DRD1,g1215,6
YBX1,g1216,6
ACSL3,g1217,6
PCK1,g1218,6
TCF7L2,g1219,6
HMBOX1,g1220,6
ATF3,g1221,6
TRADD,g1222,6
ALCAM,g1223,6
CDC7,g1224,6
CUL5,g1225,6
DLG5,g1226,6
DTL,g1227,6
ERCC3,g1228,6
HOXA10,g1229,6
HRH1,g1230,6
LMNB2,g1231,6
MCM10,g1232,6
MIS12,g1233,6
KIF20B,g1234,6
PRPF38A,g1235,6
RACGAP1,g1236,6
2024-9-10 0:00,g1237,6
SMARCB1,g1238,6
TRAPPC2B,g1239,6
ACVR2B,g1240,6
ERCC4,g1241,6
ATP1B1,g1242,6
ITGAV,g1243,6
DHFR,g1244,6
SCN5A,g1245,6
NID1,g1246,6
CD47,g1247,6
H3F3A,g1248,6
LRP1,g1249,6
INPPL1,g1250,6
MED1,g1251,6
IL24,g1252,6
IL32,g1253,6
EGLN2,g1254,6
TP73,g1255,6
LAMC1,g1256,6
LRRK2,g1257,6
PTPRM,g1258,6
HMGB3,g1259,6
ESRRG,g1260,6
KCNJ10,g1261,6
LMNA,g1262,6
PRDX2,g1263,6
CCNJ,g1264,6
PDCD10,g1265,6
MMP13,g1266,6
FLT1,g1267,6
HS3ST2,g1268,6
ZNF215,g1269,6
THAP2,g1270,6
RNF144B,g1271,6
ACKR3,g1272,6
ZNRF2,g1273,6
CYP19A1,g1274,6
SLC2A3,g1275,6
ULK1,g1276,6
MGST2,g1277,6
ERCC1,g1278,6
HNRNPD,g1279,6
ZNRF3,g1280,6
PAX8,g1281,6
SLC5A5,g1282,6
ILF3,g1283,6
ENG,g1284,6
NAA10,g1285,6
CDR1,g1286,6
PIK3C2A,g1287,6
SLIT3,g1288,6
CDC27,g1289,6
ROBO1,g1290,6
BCL2L2,g1291,6
PITX3,g1292,6
PTBP2,g1293,6
FAIM,g1294,6
CDK13,g1295,6
PTPRK,g1296,6
PRDM16,g1297,6
HCN2,g1298,6
HCN4,g1299,6
STK3,g1300,6
TAGLN2,g1301,6
FOXL2,g1302,6
NUP214,g1303,6
PTBP1,g1304,6
PPP2R2D,g1305,6
SGK1,g1306,6
FOXC1,g1307,6
GSTP1,g1308,6
GLI3,g1309,6
SRR,g1310,6
NLN,g1311,6
WT1,g1312,6
PIK3R3,g1313,6
ING5,g1314,6
TFAP2A,g1315,6
FHIT,g1316,6
SCAI,g1317,6
HOXB8,g1318,6
ZNRD1,g1319,6
GPNMB,g1320,6
KCNMA1,g1321,6
CDH5,g1322,6
POU3F2,g1323,6
ELOVL6,g1324,6
TCF12,g1325,6
RAB22A,g1326,6
AP1S2,g1327,6
SERINC3,g1328,6
M6PR,g1329,6
PDE3A,g1330,6
SSRP1,g1331,6
IGF2R,g1332,6
DDIT3,g1333,6
TXNIP,g1334,6
ITPR1,g1335,6
NUAK1,g1336,6
HMX1,g1337,6
MX1,g1338,6
TNRC6A,g1339,6
NT5E,g1340,6
AVEN,g1341,6
FOXD1,g1342,6
TUBB4B,g1343,6
NEUROD1,g1344,6
ABL1,g1345,6
ESR2,g1346,6
BCL11A,g1347,6
HSPA5,g1348,6
EYA2,g1349,6
IL21R,g1350,6
UBE3C,g1351,6
CBX3,g1352,6
CD99,g1353,6
NCAM1,g1354,6
TAB3,g1355,6
TET1,g1356,6
HCC,g1357,6
SKP2,g1358,6
KLF9,g1359,6
NEDD4L,g1360,6
RAB38,g1361,6
TRAF3IP2,g1362,6
PRRT2,g1363,6
NFE2L2,g1364,6
Becn1,g1365,6
BACH2,g1366,6
RYR3,g1367,6
NEFL,g1368,6
WNT5A,g1369,6
STAT6,g1370,6
SND1,g1371,6
CXCR6,g1372,6
FEN1,g1373,6
ACVR1B,g1374,6
MLEC,g1375,6
POLD1,g1376,6
DND1,g1377,6
FURIN,g1378,6
ZNF217,g1379,6
ST7L,g1380,6
H2AFX,g1381,6
EIF2S3,g1382,6
DEDD,g1383,6
STX16,g1384,6
DHFRP1,g1385,6
CORO1A,g1386,6
PCNA,g1387,6
PTPRF,g1388,6
ARHGAP19,g1389,6
S100A8,g1390,6
INSIG1,g1391,6
CYP11B2,g1392,6
REG4,g1393,6
MEN1,g1394,6
LDHB,g1395,6
JPH2,g1396,6
DYRK2,g1397,6
MAP3K9,g1398,6
HMOX1,g1399,6
PSAP,g1400,6
AGPAT2,g1401,6
TACC3,g1402,6
IFNR,g1403,6
NCAN,g1404,6
COPS5,g1405,6
PRKCH,g1406,6
TMEM92,g1407,6
GATA3,g1408,6
MAPK7,g1409,6
PRDX6,g1410,6
TRIM11,g1411,6
ABCB9,g1412,6
BCAR1,g1413,6
MT1M,g1414,6
TNK2,g1415,6
FGF11,g1416,6
SOCS4,g1417,6
PGRMC1,g1418,6
SNX6,g1419,6
PBX3,g1420,6
CCL2,g1421,6
SLC31A1,g1422,6
RSU1,g1423,6
STAG2,g1424,6
BMPR1B,g1425,6
VDR,g1426,6
BMF,g1427,6
CYP24A1,g1428,6
IRF4,g1429,6
GRIN2A,g1430,6
CGN,g1431,6
LACTB,g1432,6
PPP1CA,g1433,6
PRKRA,g1434,6
RPS6KA1,g1435,6
BCL3,g1436,6
TBC1D1,g1437,6
DGAT1,g1438,6
STARD13,g1439,6
ABTB1,g1440,6
EPO,g1441,6
NES,g1442,6
CEBPA,g1443,6
PCTP,g1444,6
LIPA,g1445,6
GSS,g1446,6
IKZF2,g1447,6
IKZF3,g1448,6
IKZF4,g1449,6
ICAM2,g1450,6
VPS4B,g1451,6
ENPEP,g1452,6
CSNK2A1,g1453,6
MEGF9,g1454,6
MAN1B1,g1455,6
EPOR,g1456,6
AHRR,g1457,6
SCNN1A,g1458,6
DUSP6,g1459,6
TET2,g1460,6
SEMA4C,g1461,6
SPHK1,g1462,6
MMP26,g1463,6
MAP3K11,g1464,6
SFRP5,g1465,6
Fas,g1466,6
APLN,g1467,6
PIK3CB,g1468,6
NEU1,g1469,6
ALOX5,g1470,6
PHF8,g1471,6
KLC2,g1472,6
FES,g1473,6
SUV39H1,g1474,6
PTH1R,g1475,6
HOTTIP,g1476,6
DRAM2,g1477,6
RBMXL1,g1478,6
CBX7,g1479,6
FOXO4,g1480,6
SIRT3,g1481,6
PTTG1,g1482,6
PVT1,g1483,6
PAK5,g1484,6
PPM1B,g1485,6
RELA,g1486,6
MAP3K2,g1487,6
TFCP2,g1488,6
CCNT1,g1489,6
NNAT,g1490,6
FSTL1,g1491,6
BIRC7,g1492,6
PBX1,g1493,6
CPEB2,g1494,6
OSBPL2,g1495,6
HIPK1,g1496,6
RFFL,g1497,6
OSBPL8,g1498,6
PCGF5,g1499,6
NR1H4,g1500,6
SOCS5,g1501,6
MAPK8,g1502,6
MAP2K4,g1503,6
CCL8,g1504,6
CD69,g1505,6
MYCBP2,g1506,6
LASP1,g1507,6
IKZF1,g1508,6
KLK10,g1509,6
KLK6,g1510,6
MYH9,g1511,6
ELF4,g1512,6
CCL7,g1513,6
POSTN,g1514,6
CDK2,g1515,6
ID2,g1516,6
GPRC5A,g1517,6
SFRP4,g1518,6
DVL1,g1519,6
CACNA1C,g1520,6
CDC6,g1521,6
SERBP1,g1522,6
GDAP1,g1523,6
ARL4C,g1524,6
NOS2,g1525,6
CHD1,g1526,6
CKS2,g1527,6
BAG4,g1528,6
ACVR1,g1529,6
AMACR,g1530,6
RCBTB1,g1531,6
ZCCHC11,g1532,6
PTPN13,g1533,6
TDG,g1534,6
PHB,g1535,6
LOXL2,g1536,6
DUSP4,g1537,6
DUSP5,g1538,6
PRDX3,g1539,6
PLOD2,g1540,6
ST3GAL6,g1541,6
TRPC6,g1542,6
HOXA5,g1543,6
LARP1,g1544,6
EPHA2,g1545,6
GATA4,g1546,6
CHORDC1,g1547,6
NR2C2,g1548,6
USP9X,g1549,6
KPNA2,g1550,6
MIEN1,g1551,6
ULK2,g1552,6
TRAF5,g1553,6
PDE4A,g1554,6
FH,g1555,6
CXCL2,g1556,6
NKD1,g1557,6
SYK,g1558,6
LAMP1,g1559,6
PTMA,g1560,6
CAND1,g1561,6
HAND2,g1562,6
TMSB4X,g1563,6
KCNJ2,g1564,6
XPO6,g1565,6
POGK,g1566,6
KCNE1,g1567,6
G6PD,g1568,6
ATP6V1B2,g1569,6
LARP4,g1570,6
CNN3,g1571,6
PNP,g1572,6
HSPD1,g1573,6
CALM3,g1574,6
PPP2R5A,g1575,6
PAX3,g1576,6
SLC8A1,g1577,6
FABP3,g1578,6
PGD,g1579,6
TKT,g1580,6
TH,g1581,6
API5,g1582,6
ASPH,g1583,6
ND1,g1584,6
COX1,g1585,6
FRS2,g1586,6
FZD7,g1587,6
TNKS2,g1588,6
CCL4,g1589,6
TBCCD1,g1590,6
MBD1,g1591,6
WNT7A,g1592,6
ATG14,g1593,6
ELN,g1594,6
Bace1,g1595,6
KIAA0100,g1596,6
GRIA2,g1597,6
VSNL1,g1598,6
TCL1A,g1599,6
RNF2,g1600,6
ADCY9,g1601,6
SIX2,g1602,6
RASSF1,g1603,6
KPNA4,g1604,6
ACHE,g1605,6
NR4A1,g1606,6
FOXQ1,g1607,6
RAB34,g1608,6
AP3B1,g1609,6
CCNG1,g1610,6
SRF,g1611,6
XRN2,g1612,6
CHMP2B,g1613,6
KLF17,g1614,6
PRTG,g1615,6
ACAT1,g1616,6
DRD2,g1617,6
MIRLET7D,g1618,6
MTHFD1,g1619,6
CUL4A,g1620,6
SOX7,g1621,6
foxg1a,g1622,6
CYP4Z1,g1623,6
TM4SF1,g1624,6
CAMKK2,g1625,6
PRKAA1,g1626,6
TNFAIP8,g1627,6
GALNT4,g1628,6
STAU1,g1629,6
DYRK1B,g1630,6
ZC3H12A,g1631,6
RAP2A,g1632,6
LAMB3,g1633,6
VOPP1,g1634,6
SOST,g1635,6
SFRP2,g1636,6
DKK2,g1637,6
TOB1,g1638,6
GLI2,g1639,6
SH3GL1,g1640,6
POU2F2,g1641,6
G6PC,g1642,6
RORA,g1643,6
GADD45A,g1644,6
WIF1,g1645,6
FOXP3,g1646,6
SELE,g1647,6
CASR,g1648,6
MPRIP,g1649,6
RDX,g1650,6
FZD3,g1651,6
DMD,g1652,6
DACT3,g1653,6
STK40,g1654,6
CREG1,g1655,6
RAB27A,g1656,6
TBXA2R,g1657,6
EMSY,g1658,6
ARID1A,g1659,6
RHOBTB1,g1660,6
XRCC5,g1661,6
C1QTNF9,g1662,6
SGPP2,g1663,6
IL25,g1664,6
SPRED2,g1665,6
SPRY3,g1666,6
SPRY4,g1667,6
GNA13,g1668,6
SLC1A2,g1669,6
RAB11FIP1,g1670,6
STK11,g1671,6
CERS2,g1672,6
RPS6KA4,g1673,6
ANG,g1674,6
MMP3,g1675,6
FOXA1,g1676,6
TNC,g1677,6
MERTK,g1678,6
PTPRN2,g1679,6
TFF2,g1680,6
LRG1,g1681,6
FOXA2,g1682,6
ID4,g1683,6
EPN2,g1684,6
FMNL3,g1685,6
FMN2,g1686,6
DAAM2,g1687,6
SIAH2,g1688,6
GRM4,g1689,6
TCEAL9,g1690,6
CYP7A1,g1691,6
GYS1,g1692,6
ANK2,g1693,6
NFATC2IP,g1694,6
ENTPD4,g1695,6
ANXA11,g1696,6
ALDOA,g1697,6
RAB6B,g1698,6
UBAP2,g1699,6
TBX19,g1700,6
AACS,g1701,6
ATP1A2,g1702,6
MAPK11,g1703,6
FUNDC2,g1704,6
TPD52L2,g1705,6
GALNT10,g1706,6
G6PC3,g1707,6
AP3M2,g1708,6
SLC7A1,g1709,6
FOXJ3,g1710,6
SLC7A11,g1711,6
TRIB1,g1712,6
NUMBL,g1713,6
DSTYK,g1714,6
FAM117B,g1715,6
PRKAB1,g1716,6
PTPN1,g1717,6
NT5C3A,g1718,6
P4HA1,g1719,6
ZNF395,g1720,6
CLIC4,g1721,6
CTDNEP1,g1722,6
LPIN1,g1723,6
PEG10,g1724,6
VEGFC,g1725,6
PROX1,g1726,6
ZNF763,g1727,6
HIPK2,g1728,6
RALA,g1729,6
PTPN11,g1730,6
PTPN22,g1731,6
KLF6,g1732,6
RASSF6,g1733,6
DDX3X,g1734,6
PGR,g1735,6
COL16A1,g1736,6
ABCG2,g1737,6
AHR,g1738,6
RGS16,g1739,6
TUSC3,g1740,6
GPD1L,g1741,6
INPP4B,g1742,6
PRKN,g1743,6
TMEM88,g1744,6
EYA3,g1745,6
CNTFR,g1746,6
IKBKG,g1747,6
KDM1A,g1748,6
HBEGF,g1749,6
PTPN12,g1750,6
TLN2,g1751,6
RBX1,g1752,6
BMP1,g1753,6
ITSN1,g1754,6
MAPK3,g1755,6
FAM160B2,g1756,6
CKB,g1757,6
MEIS2,g1758,6
SPDEF,g1759,6
BIRC2,g1760,6
EDEM1,g1761,6
FZD1,g1762,6
RAB40B,g1763,6
SERP1,g1764,6
MAP1LC3B,g1765,6
ALPL,g1766,6
NTRK2,g1767,6
USP47,g1768,6
ANKRD13A,g1769,6
TMPRSS3,g1770,6
TRPM3,g1771,6
IGFBP2,g1772,6
DVL3,g1773,6
DLX5,g1774,6
PRKCZ,g1775,6
OSCP1,g1776,6
SP2,g1777,6
STARD10,g1778,6
TP53INP2,g1779,6
DYRK1A,g1780,6
DCX,g1781,6
RELN,g1782,6
NEK2,g1783,6
ADORA2B,g1784,6
CSF1,g1785,6
SUZ12,g1786,6
SREBF1,g1787,6
SREBF2,g1788,6
ABCG1,g1789,6
RXRA,g1790,6
PDK1,g1791,6
ISL1,g1792,6
EPHB2,g1793,6
EPHB1,g1794,6
NECTIN4,g1795,6
CYP2C9,g1796,6
PFKL,g1797,6
SPTAN1,g1798,6
LGALS3,g1799,6
SMARCA2,g1800,6
TMEM54,g1801,6
SULT1E1,g1802,6
ERN1,g1803,6
APOE,g1804,6
DNAJA4,g1805,6
LIN7A,g1806,6
CTSC,g1807,6
RND1,g1808,6
NECTIN1,g1809,6
DRAM1,g1810,6
FZD4,g1811,6
WNT2,g1812,6
PDE4D,g1813,6
CLTC,g1814,6
RAB21,g1815,6
SLC27A1,g1816,6
CASZ1,g1817,6
IL1RAPL1,g1818,6
CYTB,g1819,6
ATXN1,g1820,6
PPP2R5E,g1821,6
GCM1,g1822,6
MTUS1,g1823,6
PITX1,g1824,6
GMNN,g1825,6
NEAT1,g1826,6
KDM6B,g1827,6
SNCA,g1828,6
PSME3,g1829,6
HELLS,g1830,6
SLC7A5,g1831,6
PTK2,g1832,6
KMT5A,g1833,6
SMARCD1,g1834,6
XRCC2,g1835,6
VDAC1,g1836,6
REL,g1837,6
ILF2,g1838,6
UBE2A,g1839,6
RNF183,g1840,6
PRKDC,g1841,6
CCDC88A,g1842,6
DNPEP,g1843,6
OSTM1,g1844,6
ALDH1A1,g1845,6
2024-9-2 0:00,g1846,6
HDAC7,g1847,6
ADA,g1848,6
MMD,g1849,6
SNORD12C,g1850,6
GALC,g1851,6
GALNT16,g1852,6
HMGN5,g1853,6
FGFRL1,g1854,6
TLE3,g1855,6
AMOT,g1856,6
KCNN4,g1857,6
Reck,g1858,6
MACC1,g1859,6
PIK3C2B,g1860,6
RCOR1,g1861,6
LAMTOR5,g1862,6
MAPT,g1863,6
VEZT,g1864,6
MAZ,g1865,6
PABPC1,g1866,6
GIT1,g1867,6
GABRA3,g1868,6
GABBR2,g1869,6
MUC2,g1870,6
TJP1,g1871,6
PRPF4B,g1872,6
TGFB3,g1873,6
CTNNBIP1,g1874,6
COL5A3,g1875,6
SFPQ,g1876,6
DNAJB11,g1877,6
MMP15,g1878,6
MMP24,g1879,6
FGG,g1880,6
FGA,g1881,6
FGB,g1882,6
ADAM12,g1883,6
NASP,g1884,6
PPP1R13B,g1885,6
RAX,g1886,6
TBX21,g1887,6
SNAI3,g1888,6
PER1,g1889,6
ITGA6,g1890,6
PDGFC,g1891,6
PDGFB,g1892,6
PDGFA,g1893,6
LOXL4,g1894,6
ANGPTL4,g1895,6
AQP4,g1896,6
KIF1B,g1897,6
PPIC,g1898,6
KDM2A,g1899,6
HMGCR,g1900,6
PATZ1,g1901,6
MYBL2,g1902,6
SPRR2C,g1903,6
S100A9,g1904,6
KRT5,g1905,6
ANXA1,g1906,6
HOXA7,g1907,6
HOXD8,g1908,6
HOXC8,g1909,6
NTN4,g1910,6
NFKBIA,g1911,6
TYMS,g1912,6
LSP1,g1913,6
MAMDC2,g1914,6
ELOVL1,g1915,6
CD9,g1916,6
FGF1,g1917,6
MCM3,g1918,6
PSMA3,g1919,6
HIF3A,g1920,6
SLC22A3,g1921,6
WNT16,g1922,6
VAV3,g1923,6
AP2M1,g1924,6
EYA4,g1925,6
EDNRA,g1926,6
DIO1,g1927,6
PTX3,g1928,6
TPD52,g1929,6
SERPINF2,g1930,6
GPC5,g1931,6
FOXN3,g1932,6
PTPRT,g1933,6
SIGLEC8,g1934,6
KDM1B,g1935,6
GRB2,g1936,6
PRODH,g1937,6
GNG13,g1938,6
DR1,g1939,6
BTG3,g1940,6
ARFGEF1,g1941,6
ADAM19,g1942,6
DPYD,g1943,6
PDCD2,g1944,6
AURKA,g1945,6
CCP110,g1946,6
UTRN,g1947,6
TAC1,g1948,6
ACTL6A,g1949,6
GPD2,g1950,6
TBX3,g1951,6
OTX2,g1952,6
SOD1,g1953,6
MAGI2,g1954,6
PUM2,g1955,6
ZDHHC9,g1956,6
GOLPH3,g1957,6
ABRA,g1958,6
GCLC,g1959,6
GCLM,g1960,6
ATR,g1961,6
ARC,g1962,6
NFATC3,g1963,6
MZB1,g1964,6
CAMK4,g1965,6
ALOX12,g1966,6
CASP14,g1967,6
AQP3,g1968,6
STIM1,g1969,6
ABCG4,g1970,6
TG,g1971,6
PLAC8,g1972,6
SLC9A1,g1973,6
NPC1,g1974,6
ABCB11,g1975,6
CROT,g1976,6
NFYC,g1977,6
PIM3,g1978,6
PTHLH,g1979,6
CDK16,g1980,6
HADHB,g1981,6
EN2,g1982,6
ACTB,g1983,6
CPT1A,g1984,6
OSBPL6,g1985,6
ROS1,g1986,6
HSPA8,g1987,6
PRKCB,g1988,6
NR5A2,g1989,6
FAM162A,g1990,6
RHOT1,g1991,6
ZHX2,g1992,6
ACTC1,g1993,6
ADGRL4,g1994,6
NR3C2,g1995,6
HTR1A,g1996,6
KLF8,g1997,6
DAPK2,g1998,6
CEBPD,g1999,6
PPM1E,g2000,6
RBAK,g2001,6
CD8A,g2002,6
HOXA9,g2003,6
ETS2,g2004,6
SLC16A1,g2005,6
TTK,g2006,6
SRSF11,g2007,6
AMFR,g2008,6
EID1,g2009,6
BLCAP,g2010,6
RARA,g2011,6
S100A1,g2012,6
ADGRA2,g2013,6
RMND5A,g2014,6
TWIST2,g2015,6
LCN2,g2016,6
FERMT2,g2017,6
KDM5C,g2018,6
CYTOR,g2019,6
KDM4B,g2020,6
SLC6A3,g2021,6
SLC25A5,g2022,6
MCM5,g2023,6
CNR2,g2024,6
PPP2R5C,g2025,6
LZTS1,g2026,6
MID1,g2027,6
MTCH2,g2028,6
EVI5,g2029,6
THBS2,g2030,6
NCOA1,g2031,6
STOML2,g2032,6
HNRNPA2B1,g2033,6
PUM1,g2034,6
CCNG2,g2035,6
IFIT2,g2036,6
HNRNPA1,g2037,6
MAF,g2038,6
ZBTB2,g2039,6
GPC1,g2040,6
PTGER2,g2041,6
FGF21,g2042,6
MTHFR,g2043,6
PPM1F,g2044,6
EMP3,g2045,6
FGF5,g2046,6
ITGA7,g2047,6
GREM2,g2048,6
TNRC6B,g2049,6
ALDH1A3,g2050,6
TNFSF13B,g2051,6
TRAF3,g2052,6
RGS17,g2053,6
REV3L,g2054,6
IRF1,g2055,6
PICSAR,g2056,6
APOA5,g2057,6
PPARGC1A,g2058,6
STC2,g2059,6
S100PBP,g2060,6
HECW2,g2061,6
PTP4A1,g2062,6
PPIB,g2063,6
HDAC8,g2064,6
UGT2B7,g2065,6
PBK,g2066,6
WISP2,g2067,6
POU2F1,g2068,6
RRAS,g2069,6
CAPN6,g2070,6
CRIP2,g2071,6
XIST,g2072,6
MFAP4,g2073,6
PKP4,g2074,6
TSEN15,g2075,6
IFI27,g2076,6
TLE1,g2077,6
HUWE1,g2078,6
IQGAP1,g2079,6
YWHAG,g2080,6
CAMTA1,g2081,6
AGO3,g2082,6
FMR1,g2083,6
BDKRB2,g2084,6
ABCC5,g2085,6
PDPK1,g2086,6
MCRS1,g2087,6
FNDC3A,g2088,6
PROP1,g2089,6
SLCO1B1,g2090,6
TRIM24,g2091,6
NOVA1,g2092,6
PARD6A,g2093,6
SLC34A2,g2094,6
RBFOX2,g2095,6
GNAI1,g2096,6
ZNF24,g2097,6
FABP4,g2098,6
NFATC2,g2099,6
PLPP3,g2100,6
BIN3,g2101,6
PPP1R13L,g2102,6
TNFAIP2,g2103,6
CD226,g2104,6
TRAF2,g2105,6
UBA7,g2106,6
RAB18,g2107,6
SPAG5,g2108,6
MMP8,g2109,6
FBXO32,g2110,6
ING1,g2111,6
FOXG1,g2112,6
FOXE1,g2113,6
DEK,g2114,6
HIST1H3D,g2115,6
HIST1H2AD,g2116,6
BRD7,g2117,6
HECTD3,g2118,6
IDO1,g2119,6
RAB1B,g2120,6
PADI2,g2121,6
HTR3E,g2122,6
PRDX1,g2123,6
FUT4,g2124,6
TNS1,g2125,6
ABCB5,g2126,6
CASP9,g2127,6
TEAD4,g2128,6
CALN1,g2129,6
NOMO1,g2130,6
REPS2,g2131,6
ATP8A2,g2132,6
GPR55,g2133,6
DDB2,g2134,6
HDAC6,g2135,6
TRIM68,g2136,6
HPSE,g2137,6
MRGPRF,g2138,6
GPC3,g2139,6
RAP1A,g2140,6
MZF1,g2141,6
SEC24D,g2142,6
PSMD10,g2143,6
CLDN18,g2144,6
EEF2K,g2145,6
A1BG,g2146,6
PTP4A3,g2147,6
RNF43,g2148,6
CDC40,g2149,6
MAP3K8,g2150,6
TP53RK,g2151,6
ECHS1,g2152,6
MCAM,g2153,6
ARHGAP26,g2154,6
TSPAN1,g2155,6
MPPED2,g2156,6
KDM2B,g2157,6
VASP,g2158,6
RAB10,g2159,6
CYC1,g2160,6
ING4,g2161,6
KCNQ5,g2162,6
MARK2,g2163,6
FOXP2,g2164,6
FZD5,g2165,6
NSMF,g2166,6
INPP4A,g2167,6
INPP5J,g2168,6
AATK,g2169,6
SMARCC1,g2170,6
XBP1,g2171,6
PLD2,g2172,6
GAPDH,g2173,6
CTBP1,g2174,6
APOB,g2175,6
ZBTB11,g2176,6
TRIM13,g2177,6
AMD1,g2178,6
IFITM5,g2179,6
IRF7,g2180,6
ERCC2,g2181,6
CAMK2G,g2182,6
P2RX5,g2183,6
T,g2184,6
CXCL5,g2185,6
RGS2,g2186,6
ATF4,g2187,6
PPP2R1B,g2188,6
SULT1A1,g2189,6
ST3GAL1,g2190,6
APOC3,g2191,6
IGBP1,g2192,6
MYOD1,g2193,6
EYA1,g2194,6
BUB1,g2195,6
ANGPTL1,g2196,6
USP28,g2197,6
ERCC8,g2198,6
NOD1,g2199,6
SETD8P1,g2200,6
CAV2,g2201,6
ZHX1,g2202,6
CDK7,g2203,6
COMMD1,g2204,6
SLC7A6,g2205,6
TMEM2,g2206,6
POU4F2,g2207,6
PLXNB1,g2208,6
QKI,g2209,6
SRGAP2,g2210,6
ASF1B,g2211,6
LTF,g2212,6
RAB15,g2213,6
POR,g2214,6
GSR,g2215,6
ALPK2,g2216,6
PAPPA,g2217,6
SEMA4D,g2218,6
CPD,g2219,6
FRAT1,g2220,6
NCOR1,g2221,6
EED,g2222,6
ATP5B,g2223,6
PTGER4,g2224,6
SNHG1,g2225,6
GRSF1,g2226,6
MEOX2,g2227,6
IFITM1,g2228,6
SLAIN1,g2229,6
Acvr1,g2230,6
IL18,g2231,6
CMPK1,g2232,6
NKD2,g2233,6
CCDC6,g2234,6
RPS6KA5,g2235,6
CCKBR,g2236,6
PBXIP1,g2237,6
CDC25B,g2238,6
MAP3K4,g2239,6
WNT10B,g2240,6
VAV2,g2241,6
ERRFI1,g2242,6
USP4,g2243,6
INO80,g2244,6
HSP90AA1,g2245,6
TGFA,g2246,6
NKRF,g2247,6
SNIP1,g2248,6
PLCB4,g2249,6
STX12,g2250,6
SULF1,g2251,6
APOBEC3A,g2252,6
ID1,g2253,6
TBC1D9,g2254,6
ANO1,g2255,6
CD1C,g2256,6
PARD3,g2257,6
RASGRF1,g2258,6
EI24,g2259,6
MAT2A,g2260,6
NPAS4,g2261,6
NRIP1,g2262,6
CD38,g2263,6
ATP6AP2,g2264,6
MARCKSL1,g2265,6
ATP8A1,g2266,6
ZBTB10,g2267,6
MYT1,g2268,6
SP4,g2269,6
SP3,g2270,6
WDR77,g2271,6
PDS5B,g2272,6
SEMA6A,g2273,6
GATA2,g2274,6
SEMA7A,g2275,6
LAMP2,g2276,6
SLC6A8,g2277,6
PRKAA2,g2278,6
MRC1,g2279,6
TFPI,g2280,6
PINK1,g2281,6
SIGLEC1,g2282,6
TRIM27,g2283,6
ST14,g2284,6
CYP3A4,g2285,6
KHSRP,g2286,6
PAX7,g2287,6
CRISP2,g2288,6
NR2F2,g2289,6
PLK2,g2290,6
ROR1,g2291,6
CDH11,g2292,6
CX3CL1,g2293,6
SNX1,g2294,6
CELF2,g2295,6
TRPS1,g2296,6
CCNA1,g2297,6
LEFTY1,g2298,6
ATAD2,g2299,6
HSD17B1,g2300,6
PPA1,g2301,6
MKI67,g2302,6
PFKP,g2303,6
MICA,g2304,6
CD46,g2305,6
EIF4G1,g2306,6
DLG1,g2307,6
ZNF804A,g2308,6
CSE1L,g2309,6
GLIPR1,g2310,6
FUNDC1,g2311,6
FMNL2,g2312,6
SERPINA3,g2313,6
Nr1i3,g2314,6
MYO1C,g2315,6
MSI1,g2316,6
DCLK1,g2317,6
KDM7A,g2318,6
SLC15A1,g2319,6
DAB2IP,g2320,6
RAB23,g2321,6
SOD2,g2322,6
GPX2,g2323,6
TXNRD2,g2324,6
PPM1K,g2325,6
ECM1,g2326,6
SORL1,g2327,6
NFYB,g2328,6
SLC40A1,g2329,6
MAT1A,g2330,6
PBRM1,g2331,6
USP13,g2332,6
TTN,g2333,6
Adamts1,g2334,6
BMPR1A,g2335,6
DACH1,g2336,6
WNT9B,g2337,6
CREBBP,g2338,6
DVL2,g2339,6
WNT2B,g2340,6
ABCE1,g2341,6
MTA3,g2342,6
ATP7A,g2343,6
CCBE1,g2344,6
IFT88,g2345,6
ACVR1C,g2346,6
UGT2B15,g2347,6
UGT2B17,g2348,6
METTL3,g2349,6
BID,g2350,6
NR4A3,g2351,6
POMC,g2352,6
SLC39A8,g2353,6
EIF3A,g2354,6
ARNTL,g2355,6
PROS1,g2356,6
HNRNPA3,g2357,6
RAD23B,g2358,6
SYNCRIP,g2359,6
MCC,g2360,6
SLC26A3,g2361,6
MYH2,g2362,6
BRD4,g2363,6
CD82,g2364,6
SCO2,g2365,6
MYADM,g2366,6
CX3CR1,g2367,6
STAT5A,g2368,6
GEMIN4,g2369,6
CTBP2,g2370,6
BIRC6,g2371,6
TOMM20,g2372,6
MOAP1,g2373,6
CSNK2A2,g2374,6
CCNB1,g2375,6
FNDC1,g2376,6
TFRC,g2377,6
MYCBP,g2378,6
HTR2C,g2379,6
MAOA,g2380,6
ARPC5,g2381,6
PTMS,g2382,6
IRF5,g2383,6
RAB5B,g2384,6
LGALS1,g2385,6
BMP6,g2386,6
NET1,g2387,6
LGALS9,g2388,6
CXCR2,g2389,6
UBR5,g2390,6
TACC1,g2391,6
MECOM,g2392,6
ACLY,g2393,6
TGM2,g2394,6
ALDH5A1,g2395,6
IER5,g2396,6
SDHD,g2397,6
RAB13,g2398,6
MSMO1,g2399,6
TF,g2400,6
IMPDH1,g2401,6
NPEPL1,g2402,6
SIVA1,g2403,6
TNFRSF12A,g2404,6
CD22,g2405,6
PMEPA1,g2406,6
ADRB1,g2407,6
FOSL2,g2408,6
KIDINS220,g2409,6
ERGIC3,g2410,6
ABCC2,g2411,6
FNDC3B,g2412,6
GABARAPL1,g2413,6
BAG3,g2414,6
DTNB,g2415,6
NFKB2,g2416,6
ITGB4,g2417,6
FAM83F,g2418,6
PTGR1,g2419,6
DENND2D,g2420,6
TP53I11,g2421,6
RAD52,g2422,6
NPTX1,g2423,6
EFNA3,g2424,6
P4HB,g2425,6
MNT,g2426,6
AIFM3,g2427,6
CASP8AP2,g2428,6
VMP1,g2429,6
DIMT1,g2430,6
PTBP3,g2431,6
INPP5A,g2432,6
EHD2,g2433,6
SH3BGRL,g2434,6
PTPN2,g2435,6
KCMF1,g2436,6
Fgfrl1,g2437,6
THSD7A,g2438,6
SF3B2,g2439,6
ARHGEF25,g2440,6
PODN,g2441,6
ARHGAP32,g2442,6
TJAP1,g2443,6
MUC13,g2444,6
JPT1,g2445,6
KLHL11,g2446,6
IRAK4,g2447,6
YY1AP1,g2448,6
PEA15,g2449,6
RFXAP,g2450,6
SOX11,g2451,6
ADCY1,g2452,6
SGK3,g2453,6
ATAT1,g2454,6
FANCG,g2455,6
MYH1,g2456,6
MYH4,g2457,6
HMGN2,g2458,6
KLF3,g2459,6
MT2A,g2460,6
NEK6,g2461,6
TOP1,g2462,6
HOXB4,g2463,6
HMGB2,g2464,6
LRP5,g2465,6
TMEM64,g2466,6
HNF1B,g2467,6
TERF2,g2468,6
GLS,g2469,6
PLAU,g2470,6
PRKACB,g2471,6
TUSC7,g2472,6
CA2,g2473,6
RRAS2,g2474,6
G3BP2,g2475,6
VCAN,g2476,6
GPC4,g2477,6
IL23R,g2478,6
NRG1,g2479,6
UBE2Q1,g2480,6
MAP1A,g2481,6
ZBTB18,g2482,6
PLA2G4B,g2483,6
PREX2,g2484,6
SSX2IP,g2485,6
PKLR,g2486,6
MTMR6,g2487,6
RPS23,g2488,6
IGFBP1,g2489,6
CTTN,g2490,6
TBK1,g2491,6
CREBZF,g2492,6
TNFSF10,g2493,6
TICAM1,g2494,6
DIRAS3,g2495,6
HECTD2,g2496,6
ASZ1,g2497,6
CTCF,g2498,6
ADAM1A,g2499,6
ARF4,g2500,6
ADAMTS6,g2501,6
VGLL4,g2502,6
GNAI3,g2503,6
PLXNC1,g2504,6
USP14,g2505,6
MEPE,g2506,6
KLF15,g2507,6
WDR4,g2508,6
CCL26,g2509,6
DSC2,g2510,6
ATP2A2,g2511,6
CYP2B6,g2512,6
RGS3,g2513,6
PDPN,g2514,6
HIVEP1,g2515,6
GAP43,g2516,6
SHMT2,g2517,6
AKR1C2,g2518,6
MAX,g2519,6
RAB27B,g2520,6
SELENON,g2521,6
SRSF2,g2522,6
RPS6KB2,g2523,6
HYOU1,g2524,6
PTPRJ,g2525,6
PLCE1,g2526,6
NSUN5,g2527,6
PMAIP1,g2528,6
FOXJ2,g2529,6
RAN,g2530,6
COL15A1,g2531,6
SRSF10,g2532,6
COL7A1,g2533,6
COL21A1,g2534,6
RCC2,g2535,6
TARBP1,g2536,6
RFX7,g2537,6
PHLDB2,g2538,6
FRAT2,g2539,6
CNOT6,g2540,6
CD276,g2541,6
CRMP1,g2542,6
S100A4,g2543,6
EFNB1,g2544,6
B4GALT1,g2545,6
CTDSP1,g2546,6
RHOG,g2547,6
ELK3,g2548,6
SMYD3,g2549,6
NFKBIZ,g2550,6
Rab38,g2551,6
RGS4,g2552,6
AMOTL1,g2553,6
GRIA3,g2554,6
GRIA1,g2555,6
XRCC6,g2556,6
CASC3,g2557,6
SMOX,g2558,6
GLUL,g2559,6
KREMEN2,g2560,6
LPL,g2561,6
ADAMTS9,g2562,6
ITGA11,g2563,6
SAPCD2,g2564,6
SERPINB9,g2565,6
PXDN,g2566,6
CCNT2,g2567,6
SETDB1,g2568,6
TET3,g2569,6
TRAF4,g2570,6
CALCR,g2571,6
CD93,g2572,6
GPR85,g2573,6
CEACAM6,g2574,6
RNASEL,g2575,6
CYP2C19,g2576,6
SLC22A7,g2577,6
IFNAR1,g2578,6
NMI,g2579,6
TFEB,g2580,6
ATG9A,g2581,6
COTL1,g2582,6
QRSL1,g2583,6
MSN,g2584,6
HFE,g2585,6
RAB3B,g2586,6
OXR1,g2587,6
BTC,g2588,6
SEC23A,g2589,6
DDX53,g2590,6
ETV5,g2591,6
GEMIN2,g2592,6
UBASH3B,g2593,6
ATRX,g2594,6
AREG,g2595,6
MYH10,g2596,6
TP73-AS1,g2597,6
MNX1,g2598,6
ARL5A,g2599,6
TUBB3,g2600,6
RCOR3,g2601,6
FBLN5,g2602,6
USP25,g2603,6
EFNA1,g2604,6
CFL2,g2605,6
LEPR,g2606,6
DNAJC3,g2607,6
JAZF1,g2608,6
BRD3,g2609,6
UBAP1,g2610,6
CDYL,g2611,6
NR0B2,g2612,6
TFDP2,g2613,6
STAT4,g2614,6
CDC25C,g2615,6
ZMPSTE24,g2616,6
BOD1,g2617,6
PTPN23,g2618,6
LPP,g2619,6
LGR5,g2620,6
LRRC32,g2621,6
DOCK6,g2622,6
THBS4,g2623,6
NPNT,g2624,6
TOB2,g2625,6
MSC,g2626,6
KSR1,g2627,6
GOLT1A,g2628,6
WNT10A,g2629,6
POLR3D,g2630,6
HSPB6,g2631,6
AQP1,g2632,6
NPR1,g2633,6
ARPP19,g2634,6
ARF1,g2635,6
TRPC5,g2636,6
BANP,g2637,6
KITLG,g2638,6
RAB11A,g2639,6
LCOR,g2640,6
FGF20,g2641,6
GBP2,g2642,6
AZIN1,g2643,6
JAG2,g2644,6
HEY1,g2645,6
RABEP1,g2646,6
IRF9,g2647,6
LEFTY2,g2648,6
DAZAP2,g2649,6
TOM1,g2650,6
VCAM1,g2651,6
PITPNC1,g2652,6
EGFL7,g2653,6
TEK,g2654,6
ADGRE5,g2655,6
RHOU,g2656,6
ADM,g2657,6
LMO2,g2658,6
NFIX,g2659,6
EPB41L3,g2660,6
ARTN,g2661,6
HSP90B1,g2662,6
ECT2,g2663,6
TAL1,g2664,6
CYB5A,g2665,6
TOX,g2666,6
POLR3G,g2667,6
CCL3,g2668,6
SEMA3A,g2669,6
NLRP3,g2670,6
MED13,g2671,6
CACNB2,g2672,6
Qk,g2673,6
KCNQ1,g2674,6
VKORC1,g2675,6
FTL,g2676,6
UBA2,g2677,6
SNX30,g2678,6
SGMS2,g2679,6
LDLRAP1,g2680,6
AFTPH,g2681,6
Foxl2,g2682,6
RBPJ,g2683,6
MMP10,g2684,6
ZNF148,g2685,6
TJP2,g2686,6
CBLL1,g2687,6
ASAP1,g2688,6
RAPH1,g2689,6
CASK,g2690,6
KIF5B,g2691,6
IFIT1,g2692,6
BANF1,g2693,6
HOXD3,g2694,6
GRM3,g2695,6
PIKFYVE,g2696,6
NR0B1,g2697,6
MAPK4,g2698,6
RGMA,g2699,6
ZWINT,g2700,6
XRCC3,g2701,6
BAG5,g2702,6
TIMM8A,g2703,6
USP1,g2704,6
ADIPOR2,g2705,6
C1QBP,g2706,6
RASD1,g2707,6
ELAVL4,g2708,6
FZD8,g2709,6
CIP2A,g2710,6
KCNQ2,g2711,6
DEPTOR,g2712,6
MST1R,g2713,6
TBXAS1,g2714,6
USP22,g2715,6
GSE1,g2716,6
SPIN1,g2717,6
PHF10,g2718,6
GAB1,g2719,6
ELF2,g2720,6
TFPI2,g2721,6
PON1,g2722,6
IL12RB2,g2723,6
ELF5,g2724,6
KRTAP5-9,g2725,6
LHCGR,g2726,6
RPL11,g2727,6
FLT4,g2728,6
RORC,g2729,6
NCKAP1,g2730,6
PLCXD3,g2731,6
PSMG1,g2732,6
ARRB1,g2733,6
ESD,g2734,6
PPIG,g2735,6
ATP4A,g2736,6
MAT2B,g2737,6
RBPMS,g2738,6
ZNF608,g2739,6
IRAK3,g2740,6
CREBRF,g2741,6
CBLB,g2742,6
TNIP2,g2743,6
SH2B1,g2744,6
SIRT4,g2745,6
TRIM31,g2746,6
SDHA,g2747,6
LLGL1,g2748,6
NFASC,g2749,6
PDE7A,g2750,6
KIFC1,g2751,6
NRF1,g2752,6
PTPN6,g2753,6
MCAT,g2754,6
FUT1,g2755,6
LGMN,g2756,6
PDHA1,g2757,6
ARHGEF2,g2758,6
ATF2,g2759,6
KHDRBS1,g2760,6
